{
  "success_rate": {
    "mean": 0.9626666666666667,
    "std": 0.06466323014923808
  },
  "collision_rate": {
    "mean": 0.037333333333333336,
    "std": 0.06466323014923808
  },
  "escape_rate": {
    "mean": 0.0,
    "std": 0.0
  },
  "mean_final_distance": {
    "mean": 1.2974982683181622,
    "std": 0.13585596741001413
  },
  "mean_final_speed": {
    "mean": 0.02808637892324145,
    "std": 0.0039812000264967855
  },
  "mean_fuel": {
    "mean": 3.550776134537744,
    "std": 0.032095408270518586
  },
  "mean_safety_violations": {
    "mean": 0.0,
    "std": 0.0
  },
  "mean_return": {
    "mean": 290.1405068218773,
    "std": 67.41175326571648
  }
}