{
  "success_rate": {
    "mean": 0.8426666666666667,
    "std": 0.0340196021924615
  },
  "collision_rate": {
    "mean": 0.010666666666666666,
    "std": 0.002309401076758503
  },
  "escape_rate": {
    "mean": 0.14666666666666664,
    "std": 0.03208322510804257
  },
  "mean_final_distance": {
    "mean": 11.478204145985368,
    "std": 2.218534110293512
  },
  "mean_final_speed": {
    "mean": 0.05572231841129449,
    "std": 0.00494602790255383
  },
  "mean_fuel": {
    "mean": 56.592000000000006,
    "std": 3.2641838183533713
  },
  "mean_safety_violations": {
    "mean": 0.41333333333333333,
    "std": 0.02948445918332797
  },
  "mean_return": {
    "mean": 200.42942210667863,
    "std": 26.075254423551826
  }
}